698732,897742,227706,544238,818929,789474,704404,747169,161665,275130
731193,372210,629251,585445,847707,576824,306818,131586,201144,90105
470382,368510,81193,792340,941809,873812,31955,313458,127433,89676
40839,45177,577720,972064,297218,242702,179742,293633,629511,466649
183308,134666,455341,910677,777999,135490,597455,264364,980539,379849
633653,746756,480329,206578,610957,664659,663566,690421,597818,881496
515580,251503,810676,493301,889577,898105,83973,128458,318312,86859
882410,732024,170914,741413,308022,982826,307521,142700,389313,563129
882153,478409,617509,334892,574006,227206,430861,733854,777596,485995
986898,396609,145505,372868,507284,833124,418082,614887,369059,341930
643949,281939,319659,617697,947714,923955,666824,988227,807706,257576
936111,245399,797935,601327,717148,866720,633290,108914,11010,72453
765710,692189,560220,786118,124952,30869,321269,947541,366672,236609
960230,509260,799534,17182,821130,709059,819290,844677,881991,412748
50633,451263,55344,809518,890346,583384,892133,315329,429328,960581
762289,931944,127970,178546,323604,140690,17082,766050,784205,33440
928882,66119,404468,116794,372062,789051,633404,518940,745861,129438
214095,461904,36754,32686,885088,228866,579343,82262,94795,202354
491051,637367,104492,667379,27865,242528,385164,153991,99046,909223
237985,416710,746223,472750,431873,623559,264837,628144,479522,812778
947898,459759,460664,868308,604517,689008,956900,185854,966324,287158
139698,169440,712006,555580,910847,705957,662367,39994,254229,621157
399880,791478,211319,172541,74785,811408,655333,847505,291282,804885
693440,948686,580852,969600,894720,883319,811777,442812,155777,582782
277035,327638,205492,217022,790129,984078,289833,82301,168742,871725
94047,232922,84911,414131,579911,307795,918812,280577,110381,217989
320438,352325,181089,678600,172176,686778,105136,482594,720264,714528
508173,800407,370463,847304,690839,320956,157012,278480,464199,874046
741411,594179,970874,55985,75278,10380,267690,830433,297882,726135
293033,889704,108974,580096,676686,817118,717889,14322,71939,859686
57277,366781,324480,651819,649137,5914,234388,523503,65768,843639
495405,480315,926220,105987,501292,994206,696043,676970,38144,200595
846215,391948,453296,261784,406379,344219,22103,121210,357682,923974
190549,973072,523951,236195,513843,636478,704063,715142,373243,710057
940344,110886,466042,630165,317866,391522,334057,84599,752431,449204
759971,29604,985595,734453,478320,560498,882421,505749,625376,630375
699887,221089,400242,76012,856769,914261,28801,218788,211430,990972
340769,951476,649630,610521,963098,498699,40765,997399,244162,213211
890579,293331,450320,586061,889469,763865,480994,577589,444997,375528
543894,631513,299059,849678,707058,774498,453612,404956,546568,286406
920969,284479,156578,482550,660868,694939,318650,63902,440109,851329
393533,87448,633353,908871,147354,214779,791649,27107,714705,826641
950356,226280,20089,961550,466849,56417,672412,883245,859679,898793
57806,845286,493032,983235,625555,317634,781899,528831,747313,385164
540819,177383,234062,591187,695832,383507,560821,75043,874096,347753
757352,982701,653638,362086,959873,390673,723690,554623,645283,970024
735819,536590,609732,752874,337900,532780,210490,548295,449739,882884
108178,910848,786338,153816,309441,430085,305409,609259,800757,638822
617572,497852,379699,851303,921369,102335,39379,617851,728582,704967
871961,595323,920556,25171,646541,89133,376073,470237,986736,930453
720342,357015,965520,491195,390190,482067,507458,348668,116717,994045
253776,621441,501842,709698,502309,221954,229236,706528,990950,882967
406984,922237,734130,289981,775153,890919,229897,955038,279445,512401
864297,465913,608517,283937,651324,484807,681490,103719,776817,460519
394328,582054,715363,551812,247584,186236,77869,948941,471273,665936
177359,41911,881297,159173,884165,48963,805739,127736,523426,288428
926486,782665,17728,545723,535553,974497,971925,919634,902615,54379
507828,462615,148907,948921,133579,959347,890790,571001,905431,158034
281901,600815,962782,573733,800290,88287,619663,344082,123981,13815
416764,998963,440366,426656,722358,193236,224017,918591,252669,355741
960916,489712,18203,765852,368399,826309,422976,35764,713869,996833
92847,878712,763885,391874,522882,791806,82378,390822,659545,660267
709835,340668,897693,461912,594823,64446,148749,478033,510145,627706
770207,688765,155575,123095,335906,982802,692449,193747,761660,459640
378889,173434,533288,685411,222641,990603,715912,771614,916505,690346
562490,591463,488205,452489,72908,255496,79762,141640,503559,835494
876996,650427,174245,368141,240960,614977,633495,643084,964872,681059
44289,942012,847642,911125,810537,88392,518156,94377,265477,63853
163372,41555,914638,608291,294936,744420,745927,856759,764744,21946
899521,279188,297825,805037,65831,959936,669796,529583,341810,201010
482331,438558,133488,639773,589958,745155,8040,186837,80271,303386
632385,46613,639348,916132,934406,419019,819369,180286,698806,177873
614569,893216,938048,898913,489425,153647,947831,480266,896124,17849
876227,305593,572096,860843,855317,998370,360508,303943,408802,368277
591926,483645,669668,934719,975343,742348,684564,628940,514903,908153
767012,479953,984392,732062,266334,273472,204834,720534,214104,648507
72789,124768,971681,465299,372438,256917,176262,639655,928609,537779
775570,609819,167289,836993,600775,329971,823304,233452,493999,689047
424267,706094,575028,89971,619515,231430,81839,714088,670670,757458
125625,541789,471314,576781,934542,893968,85694,545169,139129,987451
332940,893124,697049,222320,185042,418922,539525,628478,479464,327191
73847,104238,430875,422259,931513,843933,57314,706520,808546,611269
518843,799670,165832,359139,174488,722803,917686,595707,695936,589949
522245,297368,982780,440831,754028,631212,760905,584115,575214,500952
918925,632413,100819,619986,263939,744783,21596,886764,564987,522653
879946,658965,593612,716229,646715,825037,447961,820620,614372,187056
554444,685241,98897,796087,73824,550356,917532,376471,947771,263833
553528,535326,35526,463593,197243,612955,764521,39192,731549,501282
320197,888519,692009,872818,982766,492938,257424,887718,751959,402467
4807,534033,945448,961828,1947,533158,320441,789092,726405,79812
15834,368342,969034,868499,554810,996832,466461,349644,518013,460436
756822,667373,730939,770828,522772,964196,703709,509107,203470,676613
259625,590162,424578,505891,917521,312854,873453,650150,813276,9418
568288,146353,213493,988210,737169,373245,550852,816043,587590,571540
164725,116121,272755,644287,689601,670858,709630,813324,890302,375082
444687,619411,539434,512070,31916,101570,89707,6955,550326,917179
320994,444505,561307,667017,70666,569937,54155,781103,296398,669118
364975,101154,390214,510135,679716,519823,882545,662036,539524,953528
898954,608838,946415,87143,828175,240585,245430,573089,142736,857428
938937,587608,866749,766487,829727,691904,908041,62153,126782,210876